{"params": {"net_size": 200, "z_dim": 10, "activations": "tanh,tanh,tanh,tanh,tanh,tanh", "colours": 3, "out": "images/matched-colour1.png", "norms": null, "server": null}, "z": [-1.9928017123025363, -2.114134342794853, 0.4062131618365885, -0.6429448172302441, -2.050178672957407, -0.8322009903655582, -2.5388853006229097, -0.9596762799588286, -2.047507435924218, -1.3266831593824824], "lr": 0.001, "image": "images/ext/colour1.png", "loss": 0.018840128555893898, "checkpoint": 9999}